,Unnamed: 0,100 mean,100 med_sig,100 median,100 p16,100 p84,100 sem,100 std,20 mean,20 med_sig,20 median,20 p16,20 p84,20 sem,20 std,25 mean,25 med_sig,25 median,25 p16,25 p84,25 sem,25 std,30 mean,30 med_sig,30 median,30 p16,30 p84,30 sem,30 std,35 mean,35 med_sig,35 median,35 p16,35 p84,35 sem,35 std,40 mean,40 med_sig,40 median,40 p16,40 p84,40 sem,40 std,45 mean,45 med_sig,45 median,45 p16,45 p84,45 sem,45 std,50 mean,50 med_sig,50 median,50 p16,50 p84,50 sem,50 std,LS period,N_I,N_V,Name,OGLE period
0,0.0,0.6162812259041643,3.668189584756752e-05,0.73253845796149,0.14399651431085772,0.7325559395605351,0.024142789699214927,0.24142789699214925,0.7899607210076796,0.00013413082405922843,0.7325012185306109,0.16154363558011947,0.7325922400968227,0.10434457948246996,1.0434457948246998,0.5932149312041959,0.3761376464112886,0.7324998679880472,0.12557824482505384,0.7325619290926586,0.040452390441472856,0.4045239044147286,0.5573263104442907,0.4221237189510658,0.7325063418632274,0.11875696182608267,0.7325588380088413,0.028077041620944244,0.28077041620944243,0.6690193659682099,0.4192972953892217,0.7325078541256658,0.12614191668527164,0.7325731312814759,0.09353922670725964,0.9353922670725964,0.6363708514188402,5.197865059735139e-05,0.7325079613345349,0.6539920585399921,0.7325551201082645,0.022185107106574318,0.2218510710657432,0.5974372486042631,6.326036553716313e-05,0.7325301475582678,0.13413466153315767,0.7325594146653325,0.02511199779308763,0.2511199779308763,0.5662111327735754,0.4180957505908585,0.7325282039633019,0.12744847826086436,0.7325621816915429,0.02698846539307225,0.2698846539307225,0.7325543006578801,106.0,106.0,OGLE-BLG-RRLYR-00001,0.73258757
1,1.0,0.2633871066774481,4.764650738939578e-06,0.30153041423291305,0.1562023287554284,0.30153087828166353,0.00714569067576014,0.0714569067576014,0.25928702092152595,9.993652836907056e-06,0.3015245153338108,0.13086364626865335,0.3015309951604845,0.0076906256326484766,0.07690625632648476,0.2565132698442569,0.09298286159428304,0.3015264211959272,0.11341312772808275,0.30153118211952035,0.01005351209439325,0.10053512094393252,0.2781650558127607,6.0152678304581426e-06,0.3015268727516593,0.12907287052019245,0.3015312301141845,0.014338017456857413,0.14338017456857413,0.26758653906007984,4.964270758778157e-06,0.30152690918635544,0.15320035423643108,0.30153111403036925,0.0071324182200741435,0.07132418220074144,0.2641266060763787,4.764650738939578e-06,0.30153041423291305,0.12491071032519865,0.3015312265013093,0.007556425645802163,0.07556425645802163,0.2716755284000333,4.604954761264009e-06,0.30153041423291305,0.2265606005665176,0.3015312258131425,0.006674388177202111,0.0667438817720211,0.2741240556919281,4.764650738939578e-06,0.3015288562547685,0.230679295470002,0.3015309824967179,0.00682995890432746,0.0682995890432746,0.3015308524140401,119.0,119.0,OGLE-BLG-RRLYR-00002,0.30153381
2,2.0,0.4544348213884533,2.134581876827118e-05,0.5154321042548146,0.4873016432522368,0.5154508865008023,0.014248371281639138,0.14248371281639136,0.5227406698907303,0.280851249188575,0.5153681095098817,0.11889536333951012,0.5154961241788737,0.0619557251555728,0.6195572515557279,0.4124953473131305,0.27402439863101763,0.5153834551334163,0.11345375374199775,0.5154706335134437,0.032982587341689296,0.32982587341689296,0.4762303129019157,0.2671632797312593,0.5154127888529904,0.113394295400149,0.5154604638032624,0.08343068347354246,0.8343068347354247,0.44360401971601693,0.13019613940353966,0.5154236353370791,0.18246138268594453,0.5154635479905909,0.018619958947886896,0.18619958947886894,0.4398510475654389,4.076992960299648e-05,0.5154321042548146,0.16345853824095133,0.5154568554170229,0.015369103419304846,0.15369103419304847,0.4492792155406098,4.0696407553827835e-05,0.5154305921668243,0.17278192917880986,0.5154536395362939,0.01727469013110356,0.1727469013110356,0.3953966794302927,0.2671013817800497,0.5154154592487009,0.11306251860273045,0.5154508865008023,0.01793350460252023,0.1793350460252023,0.5154321042548146,123.0,123.0,OGLE-BLG-RRLYR-00003,0.51546531
3,3.0,0.5637497320433181,1.4211815061904093e-05,0.6516711893857651,0.24967404292836984,0.6516900620036148,0.019611169313836763,0.19611169313836765,0.958513747136713,0.2142840703403396,0.6516827303141872,0.13239312206487047,1.8806431098234968,0.13349670366506805,1.3349670366506805,0.7510229021553468,6.0457474890789e-05,0.6516686720233769,0.1271579153482889,0.6517318080458101,0.08601624333921856,0.8601624333921856,0.6008035522338193,0.3771229565086745,0.6516637692364354,0.11444810765311213,0.6517110146314767,0.04470036579208505,0.4470036579208505,0.56054546102963,4.693687540941584e-05,0.6516642275236938,0.13127371986823358,0.6516975697408768,0.028956977251304927,0.2895697725130492,0.5447581070661529,0.07865203506848205,0.6516634439302491,0.12744482365135104,0.6516923787644764,0.029839672118519282,0.29839672118519284,0.6045985092030006,2.91511919056534e-05,0.651663546269708,0.5796747767194311,0.6516936523062159,0.02969498759861232,0.2969498759861232,0.5085802143410344,0.36760949203641374,0.651663546269708,0.11955502104350448,0.6516900620036148,0.02369778800183108,0.2369778800183108,0.6516600392200008,124.0,124.0,OGLE-BLG-RRLYR-00004,0.65170674
4,4.0,0.4748614747620977,2.608599919007831e-05,0.5655050314182114,0.12611713999474605,0.5655276402996804,0.018229000050974303,0.18229000050974306,0.7365708159723878,0.2909503573391638,0.5654721309488082,0.11627382106732925,0.5655729206489608,0.1361145940489121,1.3611459404891209,0.512015976366929,0.2256788142452198,0.5654859682938133,0.1327399949819529,0.5655416739175642,0.038128762931388865,0.3812876293138887,0.5669358116272347,0.2918291925994848,0.5654815204404614,0.11297991015026125,0.5655260386104392,0.08218192121383912,0.8218192121383912,0.4696480602474062,4.212221392120742e-05,0.5654883108010628,0.1330688501664742,0.5655176749964521,0.018483331383998405,0.18483331383998405,0.4918858743875407,3.362697812452867e-05,0.5655018193528063,0.24374652384755574,0.5655276774690757,0.01642305707887781,0.1642305707887781,0.4673823903147868,2.608599919007831e-05,0.5655044178296001,0.1270510465428667,0.5655276402996804,0.018593229703420085,0.1859322970342009,0.4788078792634552,3.316272479086917e-05,0.5654985334968071,0.1432400590065127,0.5655284892766004,0.018203476515335174,0.18203476515335174,0.5655050314182114,123.0,123.0,OGLE-BLG-RRLYR-00005,0.56553785
5,5.0,0.5089014806772386,1.9730975454388405e-05,0.4788754193166188,0.4788591829477361,0.4789033266723534,0.015490316147649385,0.15490316147649386,0.4390219340882271,0.2560361032963712,0.2256486258192696,0.11290526447083507,0.6077983926062014,0.062002589489756565,0.6200258948975657,0.4924745883580028,0.22194233376365347,0.47882534611037,0.13767711281497874,0.9211645554688322,0.03932557819243005,0.3932557819243005,0.5202371691503229,0.455793863785983,0.4788754193166188,0.1487085865909668,0.9212904350943496,0.03416509723524204,0.3416509723524204,0.6447694476371774,0.32670404390403496,0.4788836442771799,0.3944399322378797,0.921268718820968,0.0669886696294089,0.6698866962940889,0.5413527989632317,4.835837539191986e-05,0.4788816340913064,0.4788327283803047,0.9211568758884466,0.020934583802604843,0.20934583802604845,0.5555414856698291,0.04972323963082593,0.4788886236710145,0.4788340969278343,0.9212923689321172,0.023053635882657752,0.23053635882657755,0.5515348328161926,4.241146761308157e-05,0.4788814428669506,0.4788422752478679,0.9212713917675605,0.0199044749138128,0.199044749138128,0.4788754193166188,124.0,124.0,OGLE-BLG-RRLYR-00006,0.47887688
6,6.0,0.22790380399667326,3.580498757790587e-06,0.2612876709432591,0.12009584055628428,0.2612888765606859,0.006105488522833174,0.06105488522833175,0.2395837908178054,0.09965283762837816,0.2612856328537508,0.11303719719369147,0.2612889228111696,0.025049429447951087,0.2504942944795109,0.2253572719241365,0.08687366822745296,0.2612874478788169,0.1167694949751866,0.2612890637219652,0.006909190757909521,0.06909190757909521,0.2247915451858364,0.07297388310352318,0.2612876733348113,0.1268902212599925,0.2612893687772572,0.006252198547824354,0.06252198547824354,0.2513949348188117,3.52213116706948e-06,0.26128750976930537,0.11315589812040855,0.2612890004388309,0.026153049639206026,0.2615304963920603,0.22761144053483326,3.566850030390676e-06,0.2612874478788169,0.11305575889010296,0.2612888765606859,0.006367528570124952,0.06367528570124951,0.228549085004352,3.5695763586963645e-06,0.2612875237142245,0.11352223344305402,0.2612888765606859,0.006137439044960355,0.06137439044960355,0.2258065685566877,0.011272632182258898,0.2612874478788169,0.11352056394377386,0.2612888765606859,0.006292936573383185,0.06292936573383186,0.2612888765606859,124.0,124.0,OGLE-BLG-RRLYR-00007,0.26129176
7,7.0,0.447079803429692,2.9990993166802284e-05,0.5349264748499394,0.13606071660055385,0.5349455953344419,0.016563937795747868,0.1656393779574787,0.6022370782164808,0.30952174488706324,0.34818289599478736,0.11257794336745088,0.5390451095824765,0.1122597933468708,1.122597933468708,0.436171758944856,0.29796630611743924,0.5349086580669892,0.11341292941566745,0.5349704113266545,0.029860677385717488,0.2986067738571749,0.4366505865262865,0.13845019059591884,0.5349253096610754,0.1599071504575057,0.5349572598010294,0.016355125489896215,0.16355125489896216,0.4139706996892055,0.13845028044888885,0.5349103599223255,0.11406179478936534,0.5349433852304547,0.01807521404115999,0.1807521404115999,0.42691173668057375,0.13844929075315454,0.5349239178755053,0.12342200890550906,0.5349566150685034,0.017754561870284017,0.17754561870284016,0.4673392530060021,3.118249589418816e-05,0.5349346208198899,0.34817245112310385,0.5349582434025313,0.013976632498067508,0.13976632498067507,0.4461325564589693,0.03506557446121936,0.5349241201649069,0.14390158059484834,0.534946666645775,0.016344114763430246,0.16344114763430245,0.5349239178755053,124.0,124.0,OGLE-BLG-RRLYR-00008,0.53493283
8,8.0,0.5218656154890498,2.3359286217460527e-05,0.6041497190757076,0.15442832037217544,0.6041718666707143,0.01829058655932825,0.18290586559328256,1.081350599196616,0.7145539080423153,0.4733331292086679,0.1258802483031904,1.5105208279464395,0.1812228249803172,1.8122282498031723,0.9195061171929616,0.3357210080871676,0.3671469009935435,0.12315070603664682,1.1493546715101306,0.1773203184457193,1.773203184457193,0.6978330609303873,0.334725083862018,0.604071375064613,0.11299240673252063,0.6223230226566794,0.0942636609650538,0.942636609650538,0.6843107867374024,0.261571177324236,0.6041238523116854,0.12730831444290988,0.6041777951659367,0.11570470262934138,1.1570470262934138,0.6788007134747497,0.2169588501583622,0.6041410499611591,0.13408776761891705,0.6041897991955539,0.07515223813019307,0.7515223813019307,0.694292971291285,0.34048756678937764,0.6041431545513896,0.12714771789535306,0.6041756258854314,0.1296913342003597,1.296913342003597,0.5735107815741711,3.014726149684668e-05,0.6041492512975573,0.22311230632058948,0.6041742770458766,0.04892314661238768,0.4892314661238768,0.6041497190757076,123.0,123.0,OGLE-BLG-RRLYR-00009,0.60416322
9,9.0,0.5795272515963695,1.7533962526202282e-05,0.6338191528660821,0.6337907540637012,0.6338362943228171,0.020653570637057875,0.20653570637057875,0.7672541549664926,0.34887478429558894,0.6338105335365355,0.12317573799757613,0.6385890857456772,0.10430187848725514,1.0430187848725514,0.558678545443406,0.2488111639254403,0.6338112952013102,0.11895344591858625,0.6338507659302466,0.03818569685408056,0.3818569685408056,0.5993770551144836,0.3669288925664373,0.6338021605829645,0.1134015971703597,0.6338431044450071,0.08988827810757641,0.8988827810757641,0.5213332452074235,3.976045241077098e-05,0.6338191528660821,0.1279842797837913,0.6338475542135558,0.025281212447513832,0.2528121244751383,0.5583565321802609,3.197314020032942e-05,0.633811291937952,0.1351729971836413,0.6338362943228171,0.02637731071210507,0.2637731071210507,0.5381056774768109,3.0203891378505403e-05,0.6338158275495888,0.15192100596600086,0.6338362943228171,0.02409754783412683,0.2409754783412683,0.5313972296498407,0.02569631284004237,0.633817203203504,0.1257908597041734,0.6338363161726975,0.027969574239273303,0.27969574239273304,0.6338191528660821,123.0,123.0,OGLE-BLG-RRLYR-00010,0.6338724
10,10.0,0.3681885535437283,0.00010895364982657902,0.4419496727262857,0.1254013587364644,0.4419634812728917,0.013655931902937485,0.13655931902937485,0.4661482860287299,0.00039197321997673273,0.4419045219444404,0.15466901468040312,0.44197211722724655,0.038000592519225836,0.3800059251922585,0.38958850977894216,0.00039458253084228813,0.4419266031771055,0.1258525455756007,0.4419672017886216,0.022206934142926047,0.22206934142926046,0.3935898634377852,0.0003833231646560382,0.44193614118790414,0.2959643860576217,0.4419652402286976,0.013364021055356137,0.13364021055356134,0.37561483540150015,0.025491185998629443,0.4419222386623558,0.12427437337427928,0.4419604959446049,0.014849151939352118,0.14849151939352118,0.3786304593402581,0.00037967433018442005,0.4419304723705003,0.15536553683788834,0.4419635696504616,0.01261482296478266,0.1261482296478266,0.3662537036417725,0.00038050049768173684,0.4419338578973985,0.13904657206086754,0.441959995946025,0.013613520173147379,0.13613520173147378,0.35985283708110183,0.1816890054603421,0.4419358650425113,0.1271675318344228,0.44196373311558895,0.013984956313378332,0.13984956313378333,0.4419496727262857,124.0,124.0,OGLE-BLG-RRLYR-00011,0.4419688
11,11.0,0.2393498066746997,4.123444381429455e-07,0.2541849502058635,0.2541829272764867,0.25418559820496456,0.004599324445196254,0.04599324445196254,0.2365810652436961,2.873679023552088e-06,0.2541849502058635,0.2541810659922797,0.2541878494325749,0.005437174998714735,0.05437174998714736,0.22971004493986105,3.3932889254824587e-06,0.2541849502058635,0.13379698881786936,0.2541872394399313,0.006193733454009933,0.06193733454009932,0.2323049768204111,2.281920072840368e-06,0.2541849502058635,0.18017846198811446,0.2541876925979673,0.005240994755530623,0.05240994755530623,0.22568061556353444,2.822204665911936e-06,0.2541849502058635,0.1337117413530576,0.2541872394399313,0.005573237372326517,0.05573237372326517,0.2272869303298049,1.8256705208640843e-06,0.2541849502058635,0.14305142368105614,0.2541872394399313,0.0055331345835315906,0.05533134583531591,0.22324590030993874,3.4257732162936305e-06,0.25418480349113026,0.12748029427007712,0.254186775883554,0.005652044730589844,0.05652044730589844,0.2251238187408524,1.5971550138776076e-06,0.2541849502058635,0.133691429718802,0.25418559820496456,0.0055068117044758365,0.05506811704475836,0.2541849502058635,121.0,121.0,OGLE-BLG-RRLYR-00012,0.25418932
12,12.0,0.25547775744803464,1.33467488498463e-06,0.2554778419272245,0.255476463895333,0.2554790403868364,1.3318760020562007e-07,1.3318760020562007e-06,0.2554769301642669,2.5532125343200826e-06,0.2554774446043361,0.25547416605348083,0.2554795164973083,3.077631230069473e-07,3.077631230069473e-06,0.2554775399070453,1.6861179202709881e-06,0.2554775781594111,0.2554759787788289,0.2554795029849052,1.896269245724441e-07,1.8962692457244407e-06,0.2554775909483448,1.8277531401318008e-06,0.25547783388657463,0.25547574059442024,0.2554794255121781,2.0684988152034107e-07,2.06849881520341e-06,0.2554771718923755,2.0561869046231226e-06,0.2554774245363494,0.2554752804336737,0.2554789578308749,1.955541909546221e-07,1.9555419095462207e-06,0.2554775395335909,1.5299787507257081e-06,0.2554777193228889,0.2554759795228277,0.2554791431525508,1.7155742883278617e-07,1.7155742883278615e-06,0.2554774716482694,1.4473286931840142e-06,0.2554776017742221,0.25547581171083344,0.2554788315582593,1.7414621866397775e-07,1.7414621866397773e-06,0.2554778360550667,1.3461231291164101e-06,0.2554779120679622,0.25547626267636503,0.2554793705295513,1.5495020285942222e-07,1.5495020285942225e-06,0.25547823444376644,59.0,59.0,OGLE-BLG-RRLYR-00013,0.25547716
13,13.0,0.33932113901210464,1.467234818103921e-05,0.3984637230966754,0.12637176329488287,0.3984705669437705,0.01215415180321973,0.12154151803219733,0.529716293989854,0.3861417167987119,0.39846742916310657,0.11281781913602347,0.6636079922375899,0.07656791384604121,0.7656791384604121,0.3914353741951152,0.18255458200663305,0.3984658975022372,0.11268594832651108,0.5221445027588142,0.02971402442009575,0.2971402442009575,0.460059412078112,2.941591341764065e-05,0.3984641226529422,0.1365934217276763,0.5587095156198331,0.06221482637993266,0.6221482637993266,0.3388884688063056,0.1968261166016507,0.398459227529315,0.11340781756228835,0.3984785969496324,0.017101474194128767,0.1710147419412877,0.3543512745163773,0.16793650745316582,0.3984637230966754,0.11423600286500273,0.398478043478799,0.017647578651569296,0.17647578651569296,0.33695903228207125,0.186658158076055,0.39846568391663817,0.11339592286352065,0.3984757586544657,0.014657930975847609,0.1465793097584761,0.42476641027208695,1.2556971041625321e-05,0.3984637230966754,0.15607479228569218,0.398477562088032,0.061360106813616776,0.6136010681361677,0.3984637230966754,112.0,112.0,OGLE-BLG-RRLYR-00014,0.39847694
14,14.0,0.2822668075017146,4.783954364682999e-06,0.31760346472678097,0.1250144707149638,0.31760346472678097,0.008054137984231834,0.08054137984231834,0.2807008407578638,0.07019192501198315,0.3175979689891423,0.12557615179377482,0.3176037155041824,0.01211091232924456,0.1211091232924456,0.2671194484269617,0.12928761545685916,0.3175978832839664,0.10698970409666464,0.3176037983272536,0.011630465298309205,0.11630465298309205,0.27281400027613484,0.07818055834399887,0.3175988457098753,0.11323594584037562,0.3176035132335107,0.011226143167163378,0.11226143167163376,0.2741404381262834,5.335774674210434e-06,0.31759937003426497,0.1424199739644461,0.3176035746017901,0.008034357163199566,0.08034357163199565,0.28020808358746324,5.183421877371343e-06,0.3175981408686228,0.15267925107927666,0.31760346472678097,0.008053003744975593,0.08053003744975593,0.2748710580295009,5.484719998368111e-06,0.3175979542891303,0.14222438554823733,0.31760346472678097,0.008016489166461787,0.08016489166461786,0.2503663899788404,0.13625858743670852,0.3175976461301874,0.1125764588285829,0.3176035017675732,0.009366982876108595,0.09366982876108594,0.31760346472678097,124.0,124.0,OGLE-BLG-RRLYR-00015,0.31760682
15,15.0,0.4475757037092415,2.460205123058957e-05,0.5462131538612974,0.1262885523873939,0.5462342765417704,0.018040664682938502,0.180406646829385,0.3345059837880172,0.1716893827432979,0.19546744579936934,0.1130253730696526,0.39425615724650204,0.05610589461221429,0.5610589461221429,0.3804349704437977,0.30069912766624146,0.25526228566124914,0.12568386351278388,0.5462249148723678,0.04512394240491652,0.4512394240491652,0.3106142308597095,0.3118775539167313,0.1935822719524174,0.11304623678645118,0.5462147921175201,0.0216848636834654,0.216848636834654,0.3282795204874543,0.3122928163581934,0.3104860861383081,0.11238818888127863,0.5462342765417704,0.021588790163356214,0.21588790163356214,0.3890060219538652,0.291811383739516,0.5339188498073753,0.1131991682543671,0.5462343530238923,0.024602391783821485,0.24602391783821484,0.3984154175465256,0.30041705522800816,0.546192021421999,0.11346323365623227,0.546237927000471,0.027609649586086072,0.2760964958608607,0.4407579142697777,0.1433074228047847,0.5462131481646694,0.15336844279660022,0.5462441661172731,0.01696826636936705,0.1696826636936705,0.5462228652751449,124.0,124.0,OGLE-BLG-RRLYR-00016,0.54626274
16,16.0,0.257843766222072,2.0601810372566848e-06,0.2956019818296743,0.11340072360092025,0.2956075500985273,0.0074853821788725345,0.07485382178872534,0.24265699287214945,0.11374399238517692,0.2956012931304557,0.10860010667059516,0.29560874675237325,0.008259594232297628,0.08259594232297628,0.2606889157239868,0.009317928343504448,0.2956024329048894,0.11352058021241422,0.2956081763894671,0.010237665865274416,0.10237665865274416,0.2599892950822901,7.587117096516475e-06,0.29560353173711645,0.12725324459932694,0.29560836112658234,0.007276383933515181,0.0727638393351518,0.25081995270327684,0.05549480023595482,0.29560207892738005,0.12427434038269522,0.2956081753361431,0.0076475619949147155,0.07647561994914716,0.2600189838910066,5.795735229604631e-06,0.2956030773201994,0.152314324474917,0.2956084225962609,0.0070683575184507606,0.07068357518450763,0.25235547093705424,0.07048603773708416,0.29560294076332244,0.1266480739929452,0.2956081716069889,0.007518156787449863,0.07518156787449863,0.24710787044350965,0.0953408725487784,0.2956020443373104,0.11310995008544465,0.2956075500985273,0.007867110634370959,0.07867110634370961,0.2956013726272298,119.0,119.0,OGLE-BLG-RRLYR-00017,0.29560942
17,17.0,0.250908560604526,3.989854623155763e-06,0.2759247820779225,0.2320559939193749,0.275927103892886,0.005773321622811752,0.05773321622811752,0.2670298582753285,8.198826729591251e-06,0.27592494956253777,0.1135114363454807,0.27592959554929025,0.025360169257995845,0.2536016925799585,0.22849975907451825,0.10642925449573136,0.2759221866959561,0.11304070033285428,0.2759275442480175,0.007277983997998792,0.07277983997998792,0.24962396877212625,4.331761922473875e-06,0.2759248629498829,0.19476542073007044,0.27592778423233216,0.005899473236552104,0.05899473236552104,0.24744084349171355,4.866963881495377e-06,0.2759247820779225,0.1527448319024257,0.27592760295585306,0.005970337955358328,0.05970337955358328,0.2430892445041026,4.161252977976239e-06,0.2759247820779225,0.12434205480028428,0.2759271749408391,0.006572099180752171,0.0657209918075217,0.2416742501132762,6.013581072196868e-06,0.2759247820779225,0.12725030078885152,0.275927103892886,0.006539167353496871,0.0653916735349687,0.2475887506490381,4.597024165499038e-06,0.2759247820779225,0.1426493852377364,0.275927103892886,0.006149424475061008,0.06149424475061008,0.275927103892886,123.0,123.0,OGLE-BLG-RRLYR-00018,0.27593054
18,18.0,0.4490422198277496,2.8806901827697346e-05,0.5242666789254964,0.14035357001434345,0.5242797474622759,0.018906115118088512,0.18906115118088512,0.4761478780761793,0.1619359416613775,0.3436047223659037,0.11447232818457095,0.5242389480866092,0.0877866866922291,0.8778668669222909,0.361410489201612,0.29579568841739723,0.3435991924264796,0.11284447818798247,0.5242795795181283,0.03014060715111608,0.3014060715111608,0.3838768357523479,0.2623914508831659,0.34361189049173746,0.12893596522273154,0.524272601252732,0.027189749533511404,0.27189749533511404,0.3942546297318881,0.2729910989814402,0.3436215970588364,0.11301874008648413,0.5242911237182911,0.025406951257232614,0.2540695125723262,0.4001877583233029,0.13392905153198975,0.5242383323885966,0.15234996781685475,0.5242775302945352,0.01759148705894364,0.17591487058943642,0.3876427125182769,0.26706313422085376,0.4335173139085619,0.11339826389099512,0.5242771928991622,0.02091485435408314,0.20914854354083146,0.3927134810690929,0.28111171684931074,0.5242497095721667,0.11694046462401475,0.524282316729761,0.0204963555583167,0.20496355558316695,0.5242771928991622,123.0,123.0,OGLE-BLG-RRLYR-00019,0.52428824
19,19.0,0.5211229996119182,2.7958102325717156e-05,0.6174839570971956,0.15258290734921678,0.6174946729723982,0.01950286542426424,0.19502865424264235,0.4857505236269602,0.3219640152274477,0.6174792029823482,0.11304486334433375,0.6175216301337066,0.024882550300672025,0.2488255030067203,0.5404468277879761,4.17374620469954e-05,0.6174839570971956,0.5434861571861707,0.617517524135292,0.01863337152818491,0.18633371528184908,0.5322080845139198,3.633161439616518e-05,0.6174859818922853,0.1930034461313842,0.6175153810757547,0.01978615804814484,0.1978615804814484,0.5228191846611482,3.4865638908469925e-05,0.6174839570971956,0.1532146885095601,0.6175065664619575,0.019672612817571437,0.19672612817571436,0.4951316823782453,0.05725133865915021,0.6174838100774436,0.12731588793289778,0.6175095148261284,0.021400408416497714,0.21400408416497715,0.5535602726778659,2.5070740382817638e-05,0.6174839570971956,0.6000310320237765,0.6174962431135869,0.020511780986895413,0.2051178098689541,0.5843084639178078,2.082022189576415e-05,0.6174839570971956,0.6174569574923608,0.6175107975690921,0.017370099316055106,0.17370099316055104,0.6174946729723982,124.0,124.0,OGLE-BLG-RRLYR-00020,0.61750621
20,,0.4588313354559984,6.62502940790457e-06,0.4896610853328774,0.4896502549677202,0.48967292851890987,0.01190100870018038,0.11901008700180381,0.4369804879761457,0.1296100229872669,0.48965953581160293,0.1359813576827717,0.48970962409565516,0.022663410398449324,0.22663410398449324,0.44611389245615096,0.22007935477044974,0.4896601578726677,0.1247601060201942,0.4896923299469714,0.03737381896893854,0.3737381896893854,0.4549832091432799,2.670484563097682e-05,0.4896602976376972,0.4407339154915513,0.48968883565059357,0.01778486869865182,0.1778486869865182,0.4717383383079485,3.1114424213987127e-05,0.4896672052045811,0.48963461885754306,0.48970232243913303,0.017421274743362553,0.17421274743362553,0.4867571786920822,2.3780614603938756e-05,0.4896637855331645,0.48964235900925857,0.48969276743142826,0.013050776148304976,0.13050776148304977,0.45840355464386234,1.8526780146797642e-05,0.48966501754420844,0.48964144665801845,0.48968129638789015,0.014922646624746749,0.1492264662474675,0.4511367108970474,2.014200707141687e-05,0.48965834727825097,0.46383567897989936,0.48968765528314845,0.016982174313820222,0.16982174313820222,0.4896672052045811,123.0,123.0,OGLE-BLG-RRLYR-00021,0.48968326
21,,0.21269515618076051,2.7445813621343232e-06,0.23840787951663306,0.12612290399210369,0.23841033678160176,0.0050755994288523894,0.05075599428852389,0.3171750857576689,3.800228532895328e-06,0.2384084094063328,0.1268927987693378,0.23841075454845412,0.08610121872165093,0.8610121872165093,0.21235262221296725,4.347714952677045e-06,0.2384077585832387,0.13629391208438907,0.23841059159740036,0.005003168288069753,0.05003168288069752,0.21938207039915722,2.617081194310189e-06,0.2384074811474935,0.1651396220414754,0.23841034005409745,0.004573057846674037,0.04573057846674037,0.20706654105025346,0.05249726133542164,0.23840673526284373,0.11687925432541935,0.23841033678160176,0.005407329614286131,0.05407329614286131,0.205981527041281,0.05030655367037547,0.23840805051148878,0.11305948960357268,0.23841033678160176,0.005570740471427087,0.05570740471427087,0.22186116641248066,2.631932283431529e-06,0.23840862461917312,0.2298919569454256,0.23841049778516502,0.004484113323840794,0.04484113323840794,0.21577302858561573,2.9616136034193216e-06,0.2384073817010314,0.1325519976736986,0.23841042433744045,0.004786665249326555,0.04786665249326555,0.2384067021318514,122.0,122.0,OGLE-BLG-RRLYR-00022,0.23841203
22,,0.3280566479459664,3.280673866124127e-06,0.35896673328175877,0.3589633103752773,0.3589692840860943,0.00785713260068667,0.0785713260068667,0.30284404988955055,0.13031805143848574,0.3589642062050279,0.11896507128387593,0.35897126958584763,0.013266141966204906,0.13266141966204906,0.3123810627672454,6.0951747510492364e-06,0.35896746023326265,0.1322831358158334,0.3589711071795912,0.010399368161450425,0.10399368161450426,0.2965223222562717,0.12435635556458817,0.3589643199512631,0.12541791152554224,0.358970280394307,0.010432397103387774,0.10432397103387774,0.306845645966638,5.044951023569886e-06,0.35896676642039815,0.1343739838414313,0.3589726764433329,0.00990685019454799,0.0990685019454799,0.29634408862050005,0.13415699734387243,0.35896599508648597,0.11323173330378886,0.35897011316596916,0.01067570739958346,0.1067570739958346,0.3220756030776714,5.156165566416297e-06,0.35896673328175877,0.16505131605357634,0.35896954535017334,0.013446086192361553,0.13446086192361553,0.31648694742029176,4.378019714198281e-06,0.35896673328175877,0.17198794017883187,0.35897010060781726,0.008956913139215424,0.08956913139215424,0.35896673328175877,123.0,123.0,OGLE-BLG-RRLYR-00023,0.3589775
23,,0.31171104342462064,5.640915956561798e-06,0.3331195808947365,0.3331158299957416,0.3331236749341429,0.007296775175746273,0.07296775175746273,0.33170679934363756,6.1027811310343765e-06,0.33311925794720876,0.1430602863902955,0.333127313666971,0.01566193529492318,0.15661935294923182,0.3215280936162634,5.56248966174013e-06,0.3331195808947365,0.33307878200054214,0.33312492770920865,0.01274016442680565,0.1274016442680565,0.3163287099028008,5.794783364710173e-06,0.33311889697417796,0.3331131863884618,0.3331239047690635,0.009204863450770612,0.09204863450770613,0.30219175488503647,5.068706011127668e-06,0.33311788580426516,0.16699332695273028,0.3331236749341429,0.00851681938325798,0.08516819383257979,0.3232293798132418,5.594071826100995e-06,0.3331195808947365,0.333115374843145,0.3331236749341429,0.011108541845937079,0.11108541845937078,0.3143560939148869,4.0524938411179076e-06,0.33311856494904657,0.3331150435362688,0.33312334147814654,0.010359548031424626,0.10359548031424627,0.3179200374372363,5.462755623728133e-06,0.33311850789939146,0.33311536888276283,0.3331236749341429,0.01039584490918273,0.1039584490918273,0.3331158299957416,123.0,123.0,OGLE-BLG-RRLYR-00024,0.33312803
24,,0.446967967246451,2.8338060174279942e-05,0.5498109171007113,0.1254568973289184,0.5498322884708715,0.018435930575559555,0.18435930575559553,0.6097903153635883,0.3062328217963533,0.20680914098516034,0.11598598922274782,0.8127167209938075,0.128535161945765,1.28535161945765,0.7322180391226217,0.28801045485757254,0.5497156211263532,0.11870239569450837,0.8841236478213099,0.13477567248587657,1.3477567248587659,0.5314523088911541,0.2715617326051995,0.5497934202470636,0.11395773111727672,0.549850274969546,0.08366513140109896,0.8366513140109896,0.6366623197395304,0.0001974634735543887,0.5497981030959596,0.1431119569602311,0.5498332220366945,0.11526366663142718,1.1526366663142718,0.4358498375609272,0.28694773841810867,0.549808823187647,0.11350732204672226,0.5498332265896563,0.020869709349845555,0.20869709349845555,0.4497548871541602,0.02943931762504983,0.5498044704952769,0.14297426328567409,0.5498332220366945,0.017786710365418956,0.17786710365418956,0.49768029044300144,0.28319696395905336,0.5498071998475674,0.1139196206595016,0.5498337417846515,0.05600747976774769,0.5600747976774769,0.5498109171007113,124.0,124.0,OGLE-BLG-RRLYR-00025,0.54983234
25,,0.2866292615606196,4.381048931920013e-07,0.32194058006641624,0.16884540446348015,0.32194175233609396,0.007653254545490098,0.07653254545490099,0.2885878557356316,2.391062868621632e-06,0.32194045232546453,0.15368772636889583,0.32194213356915874,0.010404319814473883,0.10404319814473884,0.27126977551138526,0.02850041667646505,0.3219403780987343,0.11552226862722222,0.32194286785249865,0.00888297004076298,0.0888297004076298,0.2855245600927866,1.4772625362499222e-06,0.32194058006641624,0.15270986576449894,0.3219421146495619,0.008148340359406338,0.08148340359406338,0.2783103691933943,6.076640832600176e-06,0.32194043712440124,0.11687781358387603,0.32194200550332824,0.008786905132913253,0.08786905132913253,0.2722671922368271,0.022393711281133828,0.32194043712440124,0.12252592305081994,0.3219421146495619,0.008771470376702247,0.08771470376702248,0.2846210781138276,1.5249107856516674e-06,0.3219405230067601,0.12755359297065974,0.32194286785249865,0.00834576020152412,0.08345760201524119,0.26692939471481897,0.1202256642414332,0.3219404466356237,0.11306871921620193,0.3219417474985301,0.009148769925040667,0.09148769925040666,0.32194058006641624,124.0,124.0,OGLE-BLG-RRLYR-00026,0.32194691
26,,0.3842369034337843,0.11494328336357604,0.4782975224232237,0.12735922836542993,0.4783159264751604,0.01517304687859595,0.1517304687859595,0.28808319364580426,0.25492140221616494,0.19062846810293044,0.11305944068185524,0.47830962592639914,0.020451533022647385,0.20451533022647386,0.3335443716216352,0.2518305157167707,0.327176186632394,0.12008023046963755,0.47832898062968265,0.018616366212911947,0.18616366212911947,0.35152283372468823,0.24169108772886633,0.4782865004723868,0.11305515820252612,0.4783196736599846,0.017295478550884,0.17295478550884003,0.40645424889810955,0.15642191120644178,0.4782844295568164,0.13352435031023385,0.4783287580349872,0.02478976361468286,0.2478976361468286,0.3742718972206853,0.17968172124666337,0.4782925014244048,0.11867792468885645,0.4783299430206668,0.015472387063542656,0.15472387063542656,0.3989643008261458,0.23954866859794607,0.4782925014244048,0.12000330059479933,0.47833214573664606,0.03759713502056171,0.3759713502056171,0.369916659891403,0.17232970948447773,0.478288614244493,0.1273130571168029,0.47832145930408726,0.01508364080818839,0.1508364080818839,0.4783086744247927,124.0,124.0,OGLE-BLG-RRLYR-00027,0.47831404
27,,0.24562757982420613,2.6950563496560272e-06,0.2825690409373482,0.13925172881103792,0.28257249289403114,0.006868338203666088,0.06868338203666088,0.2452153177660962,7.433061457831598e-06,0.28256896598127895,0.1212573637090517,0.2825742295470813,0.007455985003257562,0.07455985003257562,0.24571103743056824,6.880163764878298e-06,0.28256902385528126,0.14072981792805508,0.2825747056413511,0.006703858059353585,0.06703858059353585,0.23988881877847454,0.06994760477331576,0.2825690409373482,0.11305463631680367,0.2825742417148893,0.007325083967743224,0.07325083967743223,0.24191711947076067,0.07419820483773124,0.2825690409373482,0.12933970349403628,0.28257383868200914,0.007025648833375003,0.07025648833375003,0.25379697330577683,4.5413532125596325e-06,0.2825690409373482,0.1329968761361945,0.28257344569477255,0.009499756604930264,0.09499756604930264,0.25606851648204626,3.3597697548459307e-06,0.2825690409373482,0.19170050412374703,0.28257249289403114,0.005988486198161166,0.05988486198161166,0.2567298126951148,3.864739062669017e-06,0.2825690954190241,0.2640589324012363,0.28257275958712313,0.006008374034903308,0.06008374034903308,0.2825690409373482,124.0,124.0,OGLE-BLG-RRLYR-00028,0.28257685
