,N,P
0,5,0.10511883122588059
1,5,0.10895007784138103
2,5,0.13707012609682484
3,5,0.16972518783596285
4,5,0.24004500774613155
5,5,0.3283592675454426
6,5,0.24182050641789452
7,5,0.22048176557096621
8,5,3.4690498092332542
9,5,0.17430308725085789
10,5,0.12042686952090856
11,5,0.7638869299838007
12,5,4.401531972968803
13,5,0.5066274869219827
14,5,0.21880482590914177
15,5,0.20410564331421582
16,5,1.4348981310862439
17,5,0.15351134895243537
18,5,0.11381331115919939
19,5,0.1178900082016301
20,5,2.878683446004079
21,5,0.13805484555463457
22,5,0.1411483357338892
23,5,0.9620080320784113
24,5,0.13866054217396379
25,5,0.30727382447454854
26,5,0.13197321388108718
27,5,3.269677020895045
28,5,0.1628218686620479
29,5,0.11178005875743904
30,5,0.17642045971297715
31,5,0.4022241129605899
32,5,0.394855139165006
33,5,0.30365230711680474
34,5,0.20180676012206314
35,5,3.2704552540958813
36,5,0.9230934610512684
37,5,0.12920405473088425
38,5,0.12544279582707588
39,5,3.277395347841484
40,5,0.2010995350479481
41,5,3.269308291202539
42,5,0.26532360355260015
43,5,0.1267469131986225
44,5,0.10415118075082357
45,5,0.13575410934666635
46,5,0.1697331304543462
47,5,0.16801218394650305
48,5,0.17260973332917634
49,5,0.10244357247632968
50,5,0.3184955227673574
51,5,0.14405783470627925
52,5,0.15212932506115134
53,5,2.030305122047353
54,5,0.5864317176483492
55,5,0.6645322657653576
56,5,0.5131418482688815
57,5,0.10005449355799882
58,5,0.1824160532276551
59,5,0.6250877710382648
60,5,0.7734861216009006
61,5,0.1886503131596174
62,5,0.18000690457659765
63,5,1.4675763363216745
64,5,0.14235096944543724
65,5,0.14355550811401188
66,5,0.21362821288183415
67,5,0.12800723038908898
68,5,0.10790905957251538
69,5,0.1243937174996086
70,5,0.2618318159855991
71,5,0.11628901644959519
72,5,0.25951586544716815
73,5,0.10655761362483272
74,5,0.43313780066729973
75,5,0.15549320678196046
76,5,0.23001599444118392
77,5,0.1758274983012912
78,5,0.14449337743808652
79,5,0.14236318288490718
80,5,1.4725101058009924
81,5,0.18683282207618643
82,5,0.2611128988145088
83,5,0.2425907274949016
84,5,0.17479657468633755
85,5,0.11723869242261292
86,5,0.48431842079550075
87,5,0.1204636779997086
88,5,0.11946236798338968
89,5,0.11931859705897277
90,5,0.12836236365456208
91,5,0.1071207648674659
92,5,0.22904241580163023
93,5,0.12913029891548472
94,5,3.2700540940651535
95,5,0.10001234066385055
96,5,0.10519337342435794
97,5,3.269442408910882
98,5,0.38863114907774354
99,5,0.1501903041578259
100,10,3.270610847713349
101,10,3.2696639315335165
102,10,3.270110449757374
103,10,3.2698581176931456
104,10,0.11301197063995212
105,10,3.2696040150525065
106,10,3.271321414675109
107,10,1.4350876217212891
108,10,3.2683058091561796
109,10,0.11466627126875718
110,10,3.27136547903149
111,10,3.270070353917522
112,10,3.2709833783722138
113,10,1.43528962967855
114,10,3.2702213033718768
115,10,3.2678867736631005
116,10,3.268663598611768
117,10,3.27263038577525
118,10,3.2703893182105395
119,10,3.2705207281856112
120,10,3.2711286320134607
121,10,3.2703988228199115
122,10,3.269906086917394
123,10,3.2696408387570295
124,10,3.2700281908433984
125,10,3.270772698544633
126,10,1.4346432938606783
127,10,0.7642802596801869
128,10,3.2715628277290363
129,10,1.7621382682452404
130,10,0.7658326311033734
131,10,3.2688278094865053
132,10,0.5397402079558478
133,10,3.274620012412697
134,10,3.270884352345323
135,10,3.271402620850473
136,10,3.2674571283647103
137,10,0.1624339031654036
138,10,1.4347223895043777
139,10,3.267783968972614
140,10,0.7640051292367792
141,10,1.4348971840098463
142,10,0.1842246696816807
143,10,3.2694140270500576
144,10,3.270144306500072
145,10,3.2721928287964923
146,10,3.271286889550576
147,10,3.2682262860470295
148,10,3.2708493832970773
149,10,1.434828595076946
150,10,1.4343933900215997
151,10,3.271486703349369
152,10,3.2687194531647275
153,10,3.2722548615572653
154,10,3.2699203708039435
155,10,3.2697890667392846
156,10,3.267295575941507
157,10,3.243708317444436
158,10,3.2704106022712267
159,10,3.271896603930927
160,10,3.2704103542960627
161,10,0.29505758638095486
162,10,3.269845833608458
163,10,1.4353647636943048
164,10,1.4342503891659977
165,10,3.270615125844989
166,10,1.435201541489862
167,10,3.2675050805621586
168,10,3.270563516295941
169,10,0.18662688423143348
170,10,3.2701404450987184
171,10,1.4355302375098806
172,10,1.4400852541018623
173,10,0.7642067616251398
174,10,0.3695404517425425
175,10,0.5892708673824699
176,10,1.4351407105570368
177,10,1.4359337268073487
178,10,0.9201307055121938
179,10,0.764060987853406
180,10,3.2697761446536533
181,10,0.5893137083355815
182,10,3.2709104053089724
183,10,3.2709179854080825
184,10,0.764236596411126
185,10,3.2696794225138808
186,10,3.270299014545676
187,10,3.2713323294306176
188,10,0.15162952392490794
189,10,0.4028050334566931
190,10,3.270775280526939
191,10,1.4353744274832552
192,10,3.27000471213617
193,10,0.17129193716266086
194,10,0.12186391567240269
195,10,3.2702420263727716
196,10,3.2703600766409964
197,10,3.270837686353617
198,10,0.1027892122767094
199,10,3.2705222441140536
200,15,3.2703508808678348
201,15,3.270862411250548
202,15,3.2703966787052456
203,15,3.2708261751890877
204,15,3.2700535934669777
205,15,0.29967553482369924
206,15,3.2682312775563105
207,15,3.2718303134914337
208,15,3.2689466268019927
209,15,3.2701677559126154
210,15,3.2705775989157577
211,15,3.2672175400834016
212,15,1.4350360376670699
213,15,3.271003239718066
214,15,3.270250167055975
215,15,3.2718954403029823
216,15,3.269305260343328
217,15,3.2699925188035177
218,15,3.2713791424137804
219,15,3.2701123225422597
220,15,3.270287891465595
221,15,3.270488841067522
222,15,3.2701615992810793
223,15,3.274744169103284
224,15,3.239833088435278
225,15,1.434814741270818
226,15,3.2693352770563213
227,15,3.2703763621815796
228,15,3.270611096610399
229,15,0.7642143843735755
230,15,3.2693239627137753
231,15,3.2703468524595354
232,15,3.2697583945095245
233,15,3.2699326301434315
234,15,3.2698786028889506
235,15,3.270675039764451
236,15,3.2705816461148847
237,15,3.2702209336084604
238,15,3.2704662941177074
239,15,3.270299014545676
240,15,3.2719127197012496
241,15,3.271099951983613
242,15,3.2701674303005537
243,15,3.270113410000738
244,15,3.2712432433055154
245,15,3.269932541804994
246,15,3.269957977447928
247,15,3.270081578237826
248,15,3.2707968940666063
249,15,3.2688515020482343
250,15,3.269524589008465
251,15,3.270121352644956
252,15,3.270076184034312
253,15,3.2715786682296812
254,15,3.2704581554446013
255,15,3.269331288363067
256,15,3.268117088698417
257,15,3.2700651912290315
258,15,3.270619029216466
259,15,1.4347287436902367
260,15,3.2708612127073855
261,15,3.271152244730183
262,15,3.270942672672624
263,15,3.270904685006289
264,15,0.7641890403745307
265,15,3.2701346202220964
266,15,3.270172560544716
267,15,3.271567380364181
268,15,1.4348721601302619
269,15,3.2701565184744004
270,15,3.27023268989892
271,15,0.5892522056829116
272,15,3.270170377892369
273,15,3.2700010627473315
274,15,3.269941811313949
275,15,3.268688366197244
276,15,3.270077265967807
277,15,3.267542293382304
278,15,3.2699544774202183
279,15,3.2699477049907264
280,15,3.2703601157704676
281,15,3.270339357621991
282,15,3.272800780637708
283,15,0.7642647904045633
284,15,3.270769229910644
285,15,3.2709126224498135
286,15,1.4353475061996839
287,15,1.4349808000750108
288,15,3.2708828537371013
289,15,3.269299117537687
290,15,3.2703624926762633
291,15,3.2714830883219537
292,15,3.2700281243890594
293,15,3.269926319106076
294,15,3.2703941239924745
295,15,3.2702301604654207
296,15,3.2702949763898226
297,15,3.2701519286750904
298,15,3.269319822404754
299,15,3.2711278354310815
300,20,3.2700421867411356
301,20,3.2702469388527673
302,20,3.2702560912095495
303,20,3.2701754073508247
304,20,3.2702815823135
305,20,3.2696469907965047
306,20,3.267139051752662
307,20,3.2702669936695967
308,20,3.270150209738753
309,20,3.2685112377467362
310,20,3.2700320461658987
311,20,3.2696859195432006
312,20,3.2694171750198735
313,20,3.271296442623635
314,20,3.2701912861450246
315,20,3.270125281002468
316,20,3.2702898235665874
317,20,3.270174537294475
318,20,3.27001158718963
319,20,3.270362947115036
320,20,3.2707872008789356
321,20,3.270893743827795
322,20,3.2698757053144303
323,20,3.2710831696095144
324,20,3.2705404075779496
325,20,3.2719297165698262
326,20,3.27027205954063
327,20,3.270524774516113
328,20,3.271359555562683
329,20,3.2698052399066104
330,20,3.270639630857186
331,20,3.270252843288728
332,20,3.2693021014204082
333,20,3.270422634591266
334,20,3.27045991920001
335,20,3.268126230964312
336,20,3.2705464013324943
337,20,3.270316273774448
338,20,3.270685553773044
339,20,3.2701450479747383
340,20,3.2702749016315718
341,20,3.269573293032874
342,20,0.764271433759815
343,20,3.270282022364907
344,20,3.2702088496004458
345,20,3.2705349978632463
346,20,3.2704084098492463
347,20,3.2703364585606765
348,20,1.4349632729573913
349,20,3.2704286322944647
350,20,3.2703229926396795
351,20,3.2707191839378513
352,20,3.270741719510392
353,20,3.2711619496251836
354,20,3.270268620396559
355,20,3.2701306052341224
356,20,3.2701725790091025
357,20,3.2705102262114747
358,20,3.2699463755574203
359,20,3.268469176387142
360,20,3.2701820079984287
361,20,3.2703048203166354
362,20,3.2700534116578126
363,20,3.26995646375498
364,20,3.2698595932785257
365,20,3.2700592515072833
366,20,3.2699668892495555
367,20,3.2713521451077914
368,20,3.2702824775248414
369,20,0.7641158401284547
370,20,3.2706985675139837
371,20,3.270384494575778
372,20,3.2672675030457397
373,20,3.2705347194109136
374,20,3.2690548875430747
375,20,3.271739098847634
376,20,3.2699949613163226
377,20,3.2704616627145753
378,20,0.764211031161714
379,20,3.271712064801284
380,20,3.2699112238991823
381,20,3.2700945979274287
382,20,3.270447756671419
383,20,3.270577324569867
384,20,3.2696702508637694
385,20,3.2703612219754397
386,20,3.2698731632753724
387,20,3.270161310864865
388,20,3.2701175212905618
389,20,3.2708256441355394
390,20,3.2679688108324387
391,20,3.2703134318652394
392,20,3.26762018738804
393,20,3.2702432371520285
394,20,3.2709708759263743
395,20,3.270076162584216
396,20,3.270028662718916
397,20,3.2702922655039206
398,20,3.270461384579287
399,20,3.2709116564722454
400,25,3.2703114171947694
401,25,3.2702469388527673
402,25,3.27041519117785
403,25,3.2702905230274846
404,25,3.27009107002092
405,25,3.270286078628645
406,25,3.270595714962907
407,25,3.2696847961180153
408,25,3.270249781483052
409,25,3.270108025861551
410,25,3.270247703201244
411,25,3.2703761837719223
412,25,3.271621283954615
413,25,3.27016362548891
414,25,3.270919473700545
415,25,3.270217195247565
416,25,3.270101732206111
417,25,3.270233262578646
418,25,3.270231684126867
419,25,3.270354655672097
420,25,3.2705619558744843
421,25,3.270256091209549
422,25,3.2690646636404264
423,25,3.2717002622314664
424,25,1.4348229945671092
425,25,3.270311822448645
426,25,3.2702954903634467
427,25,3.270936875247253
428,25,3.269737540103434
429,25,3.2702146580021414
430,25,3.2702566047985635
431,25,3.2698349245283564
432,25,3.2688916659970504
433,25,3.270119576688981
434,25,3.2701327704862444
435,25,3.2692396096059966
436,25,3.2703137779811606
437,25,3.2700917361437227
438,25,3.2702747265770813
439,25,3.2696136222833063
440,25,3.2703290972942427
441,25,3.2701421599043274
442,25,3.2704526147355844
443,25,3.2702122878280493
444,25,3.2695664569423015
445,25,3.2713800778617728
446,25,3.2704988838846063
447,25,3.2699426983973767
448,25,3.270310126435574
449,25,3.2703633113046022
450,25,3.270252548944771
451,25,3.2702987069550273
452,25,3.2699172572960893
453,25,3.2702408256264794
454,25,3.2702390566142308
455,25,3.2701692897723453
456,25,3.270199769058718
457,25,3.2699447358746356
458,25,3.271125914683009
459,25,3.2700882130152484
460,25,1.434794727574464
461,25,3.2710369143786178
462,25,3.2699493421462065
463,25,3.2700517888416605
464,25,3.2701006534543975
465,25,3.270656745027345
466,25,3.270971263533211
467,25,3.270187565129567
468,25,3.2700641027750255
469,25,3.2701045850220476
470,25,3.2704020839887633
471,25,3.2692769481876547
472,25,3.2702134220239656
473,25,3.269088237554016
474,25,3.2700506990111853
475,25,3.2701604191956934
476,25,3.270286078628645
477,25,3.2702266492576615
478,25,3.2695755062856393
479,25,3.2702835936601007
480,25,3.2706674589100775
481,25,3.27032459162078
482,25,3.270212225135737
483,25,3.2702732068706357
484,25,3.2715050119546376
485,25,3.2696292507111218
486,25,3.270778891543862
487,25,3.271651082271629
488,25,3.2702191762976165
489,25,3.271405906466288
490,25,3.270417908133751
491,25,3.2704405476285743
492,25,3.270200173206426
493,25,3.2688794070822156
494,25,3.270531057308118
495,25,3.270177338030326
496,25,3.270341602768829
497,25,3.2701327704862444
498,25,3.2703051755815147
499,25,3.2702339970832885
500,30,3.2704333398795433
501,30,3.2703414288061583
502,30,3.2703027578436243
503,30,3.2707288109549504
504,30,3.269729103236749
505,30,3.270286078628645
506,30,3.2688201700279182
507,30,3.270420043373548
508,30,3.2706734186918056
509,30,3.270265705445166
510,30,3.2700657634009143
511,30,3.2703699913360693
512,30,3.2701369000678224
513,30,3.2702164214014933
514,30,3.270359735088777
515,30,3.2701573421442567
516,30,3.2704331412526897
517,30,3.2702983565566286
518,30,3.270159205195824
519,30,3.2704835076372047
520,30,3.270184976056486
521,30,3.270568256677221
522,30,3.270499824031336
523,30,3.2700876658585862
524,30,3.270110667369509
525,30,3.2703229543372836
526,30,3.2700245535723305
527,30,3.2701064615738695
528,30,3.270028662718916
529,30,3.270217195247565
530,30,3.2701573656080494
531,30,3.2696436837116734
532,30,3.2700882130152484
533,30,3.270678104604135
534,30,3.2702210554162408
535,30,3.2703638391822074
536,30,3.2701370374069696
537,30,3.27040694965318
538,30,3.270229449399485
539,30,3.27055969639204
540,30,3.2702685340162825
541,30,3.270123743528129
542,30,3.2702088496004458
543,30,3.2704648863845773
544,30,3.2701747331867805
545,30,3.2700875487230205
546,30,3.270406235743281
547,30,3.2701643104475346
548,30,3.2706402836781603
549,30,3.2703421024270156
550,30,3.2702679769016543
551,30,3.270155879318874
552,30,3.270247702306869
553,30,3.2704109253928837
554,30,3.2703421024270156
555,30,3.270428975363862
556,30,3.27001158718963
557,30,3.2703206765107478
558,30,3.270883520403921
559,30,3.270229449399485
560,30,3.269197227179716
561,30,3.2702120557536856
562,30,3.270459153276718
563,30,3.269122965598831
564,30,3.270138255593342
565,30,3.270322648257275
566,30,3.2702922258149805
567,30,3.2703841717547646
568,30,3.2700417506613437
569,30,3.270110790884786
570,30,3.269858730321311
571,30,3.2703972762716162
572,30,3.270261631039223
573,30,3.2704156734666223
574,30,3.2702639553194466
575,30,3.2700963724636893
576,30,3.2701224269920983
577,30,3.2700921649625823
578,30,3.270550198619454
579,30,3.27040192901057
580,30,3.2701843222542033
581,30,3.2705022547735667
582,30,3.2702378597346415
583,30,3.2702775961625754
584,30,3.270473079840846
585,30,3.2700404745311955
586,30,3.2703623012980994
587,30,3.270694067733652
588,30,3.26987936969801
589,30,3.2703062465195076
590,30,3.2703076195673426
591,30,3.270034173695017
592,30,3.2705737176447047
593,30,3.270820962659837
594,30,3.2701588730630093
595,30,3.270263114524519
596,30,3.27025698477009
597,30,3.2707697300014176
598,30,3.2699943571878474
599,30,3.270305407061295
600,35,3.2699385767241025
601,35,3.2702977226147967
602,35,3.270184670372359
603,35,3.269990213215586
604,35,0.7641357397955093
605,35,3.2699884302716473
606,35,3.2702345922045546
607,35,3.2696538176856818
608,35,3.2703042158567603
609,35,3.2703027578436243
610,35,3.2700459814870024
611,35,3.270238064260926
612,35,3.2700565862879616
613,35,3.2697517082384304
614,35,3.270181554885038
615,35,3.2701434075649574
616,35,3.2703455003117297
617,35,3.2701834137444097
618,35,3.2702418518607725
619,35,3.2699487843077377
620,35,3.270141637035544
621,35,3.270195739471806
622,35,3.2703402666080077
623,35,3.270108442157422
624,35,3.2701428676468263
625,35,3.2702130800787326
626,35,3.2701045850220476
627,35,3.2701791891571697
628,35,3.2701326919092906
629,35,3.27011823552348
630,35,3.27019644970038
631,35,3.269857349676949
632,35,3.270201574347012
633,35,3.2702777214620617
634,35,3.270466293880613
635,35,3.2703813638662806
636,35,3.270248594563585
637,35,3.2716342523385564
638,35,3.269998094153242
639,35,3.270272235593305
640,35,3.269944949418412
641,35,3.2704559230779684
642,35,3.2702731331380552
643,35,3.270209596018757
644,35,3.2702975290221263
645,35,3.2701990516552
646,35,3.267594241723242
647,35,3.2701545857670364
648,35,3.270050939688217
649,35,3.2702047611681038
650,35,3.2698767893452914
651,35,3.2701536958135127
652,35,3.2701403673060763
653,35,3.27045797714881
654,35,3.2702527058620836
655,35,3.270302444684192
656,35,3.2703120065408555
657,35,3.2703737792544594
658,35,3.2703290972942427
659,35,3.271103974564732
660,35,3.2696453174763205
661,35,3.270850896625225
662,35,3.2702931621315043
663,35,3.270414801781899
664,35,3.2708131121484154
665,35,3.2700528230653707
666,35,3.2702870842598672
667,35,3.271421683906348
668,35,3.2693368972330052
669,35,3.2703533624388257
670,35,3.2701581392964094
671,35,3.269994573898127
672,35,3.270101443816996
673,35,3.2703544959749116
674,35,3.2702365712433004
675,35,3.2700551485048934
676,35,3.2700791298380154
677,35,3.270555803291762
678,35,3.270144306500072
679,35,3.2703803656544563
680,35,3.270201574347012
681,35,3.2702399307199554
682,35,3.270726713681826
683,35,3.2702213033718768
684,35,3.270279647787954
685,35,3.269204264423044
686,35,3.270037342401482
687,35,3.2699604289922024
688,35,3.270358848977201
689,35,3.2702815624294943
690,35,3.2702130800787326
691,35,3.2700916443792516
692,35,3.270236689427635
693,35,3.2703468524595354
694,35,3.270287103808651
695,35,3.2697941284118057
696,35,3.270191265120264
697,35,3.2703751809456314
698,35,3.2701959784503707
699,35,3.270155879318874
700,40,3.2700888540423234
701,40,3.2702873920444566
702,40,1.4348285038375013
703,40,3.2701843222542033
704,40,3.27020834618703
705,40,3.27023718329361
706,40,3.2705742980379076
707,40,3.2701134772055567
708,40,3.270014823850362
709,40,3.269131922892657
710,40,3.270327386767105
711,40,3.270263287537279
712,40,3.2702685340162825
713,40,3.27045797714881
714,40,3.2705306612842393
715,40,3.2709858618527012
716,40,3.2703285499697565
717,40,3.270276889391862
718,40,3.270242477501279
719,40,3.270447756671419
720,40,3.270170236454174
721,40,3.2701951723894367
722,40,3.2699987097358414
723,40,3.2699967816836266
724,40,3.2701458217225383
725,40,3.2702188121405875
726,40,3.2702829242374247
727,40,3.270261982476347
728,40,3.270236689427635
729,40,3.269997754931051
730,40,3.2702502353633514
731,40,3.2701819029736074
732,40,3.2700916443792516
733,40,3.270187141708791
734,40,3.2703285499697565
735,40,3.270099174090509
736,40,3.2701346202220964
737,40,3.2704545502582416
738,40,3.270180815507612
739,40,3.2704709127560077
740,40,3.270191265120264
741,40,3.270276889391862
742,40,3.2700756981510772
743,40,3.2703062465195076
744,40,3.2717810570337464
745,40,3.2715604591890175
746,40,3.27020834618703
747,40,3.2701959784503707
748,40,3.270165335404169
749,40,3.2702286527481887
750,40,3.268927030647492
751,40,3.2700616206516506
752,40,3.2702611154006744
753,40,3.2702791246599174
754,40,3.2702562780836884
755,40,3.2706489480814986
756,40,3.270040610377702
757,40,3.270344130953225
758,40,3.2697122610671787
759,40,3.2695672380886274
760,40,3.270098921257044
761,40,3.270070743553524
762,40,3.27026407318187
763,40,3.2704687786641737
764,40,3.2701475532714754
765,40,3.2691091791883093
766,40,3.2700543475073305
767,40,3.2704814908684017
768,40,3.270230724233938
769,40,3.2702175434581355
770,40,3.270317682248571
771,40,3.270589030291265
772,40,3.2700759759799682
773,40,3.2702731331380552
774,40,3.269952543707855
775,40,3.27023718329361
776,40,3.270298950487981
777,40,3.270102459502222
778,40,3.2701661245465683
779,40,3.2703797735490414
780,40,3.27086238701705
781,40,3.2702917915472804
782,40,3.270276889391862
783,40,3.2703030873389993
784,40,3.2701532458756035
785,40,3.2703681130028692
786,40,3.270406235743281
787,40,3.270327265544634
788,40,3.2703618871910836
789,40,3.2701532458756035
790,40,3.2699323580586404
791,40,3.2696630658785435
792,40,3.2702474636585914
793,40,3.2700883858988345
794,40,3.2698209950143284
795,40,3.2703767975992712
796,40,3.2702683946639977
797,40,3.270251021349341
798,40,3.270275965908363
799,40,3.2703987176532574
800,45,3.2703941239924745
801,45,3.2698372368451865
802,45,3.27011823552348
803,45,3.2702088496004458
804,45,3.270194019312606
805,45,3.2697819382082485
806,45,3.2700398828322412
807,45,3.2702164214014933
808,45,3.2701831074016137
809,45,3.270108025861551
810,45,3.2691740435697887
811,45,3.2703249645471604
812,45,3.2705355923269477
813,45,3.2702502353633514
814,45,3.270364080154668
815,45,3.2701661245465683
816,45,3.2696960705662126
817,45,3.270311329418037
818,45,3.270451309632982
819,45,3.2702353342293202
820,45,3.2700908219940645
821,45,3.2699297851007425
822,45,3.270367428267065
823,45,3.2697807488410096
824,45,3.270265734320007
825,45,3.270238087481543
826,45,3.2702474636585914
827,45,3.2704276746545666
828,45,3.270477001085336
829,45,3.2701435618029255
830,45,3.2697159536824003
831,45,3.2702469430590804
832,45,3.2702603352139517
833,45,3.2702396775079694
834,45,3.270212220052865
835,45,3.2703076195673426
836,45,3.270102725947189
837,45,3.2701601448067747
838,45,3.2702305194230057
839,45,3.2701951723894367
840,45,3.270302444684192
841,45,3.2702474636585914
842,45,3.270332073702114
843,45,3.270286078628645
844,45,3.270170236454174
845,45,3.2703114171947694
846,45,3.27023395152566
847,45,3.270265863641117
848,45,3.27023395152566
849,45,3.2701224269920983
850,45,3.2701567240893077
851,45,3.2702024371712772
852,45,3.271042451056772
853,45,3.270037342401482
854,45,3.2701780017682283
855,45,3.2701979989789676
856,45,3.270251021349341
857,45,3.270371131891942
858,45,3.270131454061721
859,45,3.2704126958213537
860,45,3.270863709640366
861,45,3.2702439956445493
862,45,3.2701734196771284
863,45,3.270409054208845
864,45,3.2702790446749215
865,45,3.270667519394416
866,45,3.270212220052865
867,45,3.2702047611681038
868,45,3.2702603352139517
869,45,3.2701175257672626
870,45,3.2702210554162408
871,45,3.270020781906836
872,45,3.269921685063275
873,45,3.270116844613362
874,45,3.2702685340162825
875,45,3.2709667142814656
876,45,3.2702083461870304
877,45,3.2702339970832885
878,45,3.270131624219744
879,45,3.270220939232321
880,45,3.2701346202220964
881,45,3.2705132947457263
882,45,3.270296382545974
883,45,3.270127488837986
884,45,3.2701683301454443
885,45,3.2701822310296778
886,45,3.2701589226655146
887,45,3.2701272975013405
888,45,3.2703504389386153
889,45,3.269313412132494
890,45,3.270315523870052
891,45,3.2701438197124553
892,45,3.270260329866005
893,45,3.270230577018032
894,45,3.2702420430077104
895,45,3.2703421024270156
896,45,3.2702142046120697
897,45,3.2701825753252156
898,45,3.2701563486174394
899,45,3.2701532458756035
900,50,3.2705485285481344
901,50,3.2702438523890756
902,50,3.2700896853243
903,50,3.270285764775809
904,50,3.270247218049605
905,50,3.270251021349341
906,50,3.2702250599555933
907,50,3.2701831074016137
908,50,3.2702691575662004
909,50,3.270174537294475
910,50,3.2701990516552
911,50,3.2702639553194466
912,50,3.2702731331380552
913,50,3.2701573656080494
914,50,3.2703006636040737
915,50,3.270414581569474
916,50,3.2702555057068783
917,50,3.2701146104713312
918,50,3.2703934506859103
919,50,3.2700657634009143
920,50,3.270319331012212
921,50,3.2704913999777725
922,50,3.270309515348886
923,50,3.270238087481543
924,50,3.2702300083376197
925,50,3.2700930128971244
926,50,3.27019826958888
927,50,3.2703027578436243
928,50,3.2702471139828027
929,50,3.2700440917406945
930,50,3.2701992864919838
931,50,3.2702301604654207
932,50,3.270316092264905
933,50,3.2701541359566675
934,50,3.2702987069550273
935,50,3.2700787038388746
936,50,3.2700486567701503
937,50,3.270264432512202
938,50,3.2701565184744004
939,50,3.2704553874099354
940,50,3.2701884907965733
941,50,3.27025988072468
942,50,3.2700638865496368
943,50,3.270372764228671
944,50,3.270311822448645
945,50,3.2703892783698465
946,50,3.270337534107316
947,50,3.27010520019107
948,50,3.269556002336631
949,50,3.27026407318187
950,50,3.270251021349341
951,50,3.2701643104475346
952,50,3.2702301604654207
953,50,3.2700657634009143
954,50,3.270186047660137
955,50,3.2702284442079903
956,50,3.2702527058620836
957,50,3.27028941746128
958,50,3.2702120557536856
959,50,3.270296153479951
960,50,3.2703597369377135
961,50,3.2707894793207632
962,50,3.270506387418206
963,50,3.270197426938655
964,50,3.270171230722897
965,50,3.2702217208518403
966,50,3.270246963922552
967,50,3.2703504389386153
968,50,3.270315692222974
969,50,3.2703379226561533
970,50,3.270246963922552
971,50,3.270176222014673
972,50,3.27040192901057
973,50,3.270177338030326
974,50,3.270160861816004
975,50,3.2702655310971105
976,50,3.2702685340162825
977,50,3.2702471986338666
978,50,3.2704199217514063
979,50,3.270229449399485
980,50,3.2702732068706357
981,50,3.2702860908363043
982,50,3.2700630980190435
983,50,3.2698897402043112
984,50,3.2702217208518403
985,50,3.2701831074016137
986,50,3.2703544959749116
987,50,3.2703751809456314
988,50,3.270093454620153
989,50,3.2702527058620836
990,50,3.2702217208518403
991,50,3.2696112702575038
992,50,3.2701475532714754
993,50,3.2702603352139517
994,50,3.270197413890329
995,50,3.2700875487230205
996,50,3.27020834618703
997,50,3.2701327704862444
998,50,3.2706132111891306
999,50,3.2703030873389993
1000,55,3.270341561288616
1001,55,3.270276889391862
1002,55,3.270242477501279
1003,55,3.2704109253928837
1004,55,3.2703249645471604
1005,55,3.2701252283219384
1006,55,3.2706932801145614
1007,55,3.2701563486174394
1008,55,3.2700791298380154
1009,55,3.270525776865784
1010,55,3.270367430763524
1011,55,3.269990053827632
1012,55,3.2703941239924745
1013,55,3.2701692897723453
1014,55,3.2702732068706357
1015,55,3.2702763398153936
1016,55,3.2700428290883896
1017,55,3.2702763398153936
1018,55,3.27025390959569
1019,55,3.2702047611681038
1020,55,3.2702639553194466
1021,55,3.2701298560783227
1022,55,3.2703504389386153
1023,55,3.2702083461870304
1024,55,3.2701884907965733
1025,55,3.2701009596620274
1026,55,3.2701532458756035
1027,55,3.269975183202776
1028,55,3.270170236454174
1029,55,3.2702763398153936
1030,55,3.2691175100596603
1031,55,3.2700009212728895
1032,55,3.270187565129567
1033,55,3.270053582491294
1034,55,3.270263287537279
1035,55,3.2701918821928175
1036,55,3.2699564009751576
1037,55,3.2701298560783227
1038,55,3.2703375666739607
1039,55,3.270108754430229
1040,55,3.270080231659242
1041,55,3.2703030873389993
1042,55,3.2701661245465683
1043,55,3.270177338030326
1044,55,3.2705111785661454
1045,55,3.2701730437684944
1046,55,3.2701563486174394
1047,55,3.2696941153428085
1048,55,3.2703455003117297
1049,55,3.2703633113046022
1050,55,3.2702262362615557
1051,55,3.2701884907965733
1052,55,3.270212220052865
1053,55,3.2701831074016137
1054,55,3.2701740017096
1055,55,3.270131270959814
1056,55,3.270170236454174
1057,55,3.270242477501279
1058,55,3.2702898235665874
1059,55,3.2706002744562523
1060,55,3.270234260659401
1061,55,3.270251021349341
1062,55,3.270272235593305
1063,55,3.270367430763524
1064,55,3.2701475532714754
1065,55,3.270251021349341
1066,55,3.270487233988533
1067,55,3.2703767975992712
1068,55,3.270187565129567
1069,55,3.270312027460351
1070,55,3.270242477501279
1071,55,3.2701045850220476
1072,55,3.2702639553194466
1073,55,3.270239501892267
1074,55,3.2703206482919818
1075,55,3.270304669368173
1076,55,3.2701573656080494
1077,55,3.2702900825165258
1078,55,3.2702548687454174
1079,55,3.2703503577065964
1080,55,3.2701475532714754
1081,55,3.2703803656544563
1082,55,3.2704415912250036
1083,55,3.27003449172566
1084,55,3.2702474636585914
1085,55,3.270406235743281
1086,55,3.270251021349341
1087,55,3.2701573438006584
1088,55,3.2703338859093547
1089,55,3.2700461541061365
1090,55,3.2701142535735546
1091,55,3.270637557338682
1092,55,3.2702474636585914
1093,55,3.2702217208518403
1094,55,3.2701999600658693
1095,55,3.2702941935293794
1096,55,3.2701563486174394
1097,55,3.27013403271408
1098,55,3.270186353033405
1099,55,3.2702860908363043
1100,60,3.269497456749243
1101,60,3.2703633113046022
1102,60,3.2705744012975173
1103,60,3.2702703688777373
1104,60,3.270277077797483
1105,60,3.2703638391822074
1106,60,3.27020834618703
1107,60,3.2702562780836884
1108,60,3.2702469388527673
1109,60,3.27001158718963
1110,60,3.270364300103003
1111,60,3.2700776088956376
1112,60,3.2701694752485473
1113,60,3.270037342401482
1114,60,3.2701541359566675
1115,60,3.2700140026732227
1116,60,3.2701573656080494
1117,60,3.2701990516552
1118,60,3.2702603352139517
1119,60,3.2702277417619636
1120,60,3.2700856575818764
1121,60,3.2703048203166354
1122,60,3.270186353033405
1123,60,3.2702217208518403
1124,60,3.2704804686328193
1125,60,3.2702474636585914
1126,60,3.2699703021481668
1127,60,3.270144306500072
1128,60,3.2700949683684812
1129,60,3.270184461664144
1130,60,3.2706230270364824
1131,60,3.270429649958209
1132,60,3.2701747331867805
1133,60,3.270130466614899
1134,60,3.270299048637237
1135,60,3.270389756119027
1136,60,3.2700630980190435
1137,60,3.2701573656080494
1138,60,3.2703136752177224
1139,60,3.2702731331380552
1140,60,3.2702005930684614
1141,60,3.2702987069550273
1142,60,3.270276889391862
1143,60,3.2702146580021414
1144,60,3.2699703021481668
1145,60,3.270171924507658
1146,60,3.2702820371501615
1147,60,3.2703079539315065
1148,60,3.2701992864919838
1149,60,3.2701573656080494
1150,60,3.2703544959749116
1151,60,3.2703048203166354
1152,60,3.2700798410737897
1153,60,3.270238087481543
1154,60,3.2700996954160377
1155,60,3.2701475532714754
1156,60,3.2702241495765563
1157,60,3.270238064260926
1158,60,3.2705296328991382
1159,60,3.2700958216877383
1160,60,3.270182432125367
1161,60,3.27026423435229
1162,60,3.270276889391862
1163,60,3.2702088496004458
1164,60,3.2698175081528027
1165,60,3.270198027709493
1166,60,3.2701831074016137
1167,60,3.270280077848201
1168,60,3.2702732068706357
1169,60,3.2702213033718768
1170,60,3.2701532458756035
1171,60,3.2702860908363043
1172,60,3.2700337486360387
1173,60,3.2704461472129807
1174,60,3.270315692222974
1175,60,3.2702562780836884
1176,60,3.270277077797483
1177,60,3.2700600101287516
1178,60,3.270021198462631
1179,60,3.2705654175061167
1180,60,3.2702047611681038
1181,60,3.270344406851865
1182,60,3.270179003318973
1183,60,3.270101732206111
1184,60,3.2700647997889245
1185,60,3.2701045850220476
1186,60,3.2702603352139517
1187,60,3.2703379226561533
1188,60,3.2702213033718768
1189,60,3.2702342606594015
1190,60,3.2700642727605747
1191,60,3.2700417506613437
1192,60,3.2705038382031852
1193,60,3.2703504389386153
1194,60,3.2702898235665874
1195,60,3.27022532384319
1196,60,3.2700916443792516
1197,60,3.270333519259112
1198,60,3.2701734196771284
1199,60,3.270151282968541
1200,65,3.2702732068706357
1201,65,3.270389056340578
1202,65,3.270809196513193
1203,65,3.2704981720886144
1204,65,3.2701532384792587
1205,65,3.2702206087570396
1206,65,3.2703027578436243
1207,65,3.2701187536775604
1208,65,3.2705387213503143
1209,65,3.270260329866005
1210,65,3.270367430763524
1211,65,3.2701999240017643
1212,65,3.2699148562491134
1213,65,3.270994894164505
1214,65,3.2701990516552
1215,65,3.270341561288616
1216,65,3.2700787038388746
1217,65,3.2702474636585914
1218,65,3.2699168656058886
1219,65,3.270197426938655
1220,65,3.270127488837986
1221,65,3.2708260562307525
1222,65,3.270251021349341
1223,65,3.2701197193541254
1224,65,3.270076799914092
1225,65,3.2701134772055567
1226,65,3.269486559781181
1227,65,3.2701688910944675
1228,65,3.270338053600384
1229,65,3.270243398702624
1230,65,3.270170236454174
1231,65,3.270299048637237
1232,65,3.270238064260926
1233,65,3.2702731331380552
1234,65,3.2702217208518403
1235,65,3.270338053600384
1236,65,3.2701565184744004
1237,65,3.2702601755424894
1238,65,3.2702081138516244
1239,65,3.2703544959749116
1240,65,3.2702949168355717
1241,65,3.270212220052865
1242,65,3.2702251537160514
1243,65,3.2701292017915478
1244,65,3.270247218049605
1245,65,3.2700888540423234
1246,65,3.270055863752539
1247,65,3.2702110794666823
1248,65,3.2702047611681038
1249,65,3.2703569364321963
1250,65,3.2698483958779145
1251,65,3.2703731604188166
1252,65,3.270217195247565
1253,65,3.2701730437684944
1254,65,3.2701475532714754
1255,65,3.270207927042533
1256,65,3.2700097657423717
1257,65,3.2702002818135796
1258,65,3.270312027460351
1259,65,3.2701734196771284
1260,65,3.2698186230975343
1261,65,3.2703633113046022
1262,65,3.2704920405380253
1263,65,3.2702820371501615
1264,65,3.2702527058620836
1265,65,3.2701146104713312
1266,65,3.270165335404169
1267,65,3.2703229926396804
1268,65,3.27025390959569
1269,65,3.2701992864919838
1270,65,3.2703027578436243
1271,65,3.2703136752177224
1272,65,3.270298950487981
1273,65,3.2700660948173685
1274,65,3.270406235743281
1275,65,3.270607905513132
1276,65,3.2701210292361083
1277,65,3.2702787628817385
1278,65,3.270186047660137
1279,65,3.2700097657423717
1280,65,3.270117648767988
1281,65,3.2702305194230057
1282,65,3.2702920187635365
1283,65,3.2704359416926594
1284,65,3.2702339970832885
1285,65,3.270206935010533
1286,65,3.2703761837719227
1287,65,3.2705448552997813
1288,65,3.2701831074016137
1289,65,3.2701951723894367
1290,65,3.270127488837986
1291,65,3.2702787628817385
1292,65,3.2701661245465683
1293,65,3.2703076195673426
1294,65,3.2702474636585914
1295,65,3.270263287537279
1296,65,3.270143561802926
1297,65,3.270195739471806
1298,65,3.269874979702201
1299,65,3.270130466614899
1300,70,3.270251021349341
1301,70,3.2702345922045546
1302,70,3.2700759759799682
1303,70,3.2700502201595487
1304,70,3.2703761837719227
1305,70,3.2701298560783227
1306,70,3.2703048203166354
1307,70,3.2702599764229987
1308,70,3.270182432125367
1309,70,3.2703030873389993
1310,70,3.2702945909465133
1311,70,3.270143561802926
1312,70,3.270371857678987
1313,70,3.270384942933474
1314,70,3.270141637035544
1315,70,3.2701831074016137
1316,70,3.2704209800981783
1317,70,3.2705160916196925
1318,70,3.270121442768779
1319,70,3.270182432125367
1320,70,3.27039767876077
1321,70,3.270298950487981
1322,70,3.2706045106667037
1323,70,3.2701783002108162
1324,70,3.2695161472009375
1325,70,3.270184976056486
1326,70,3.270041532551948
1327,70,3.2699867356583505
1328,70,3.270228286475496
1329,70,3.2702217208518403
1330,70,3.2704276746545666
1331,70,3.2706934238190817
1332,70,3.270242477501279
1333,70,3.2702474636585914
1334,70,3.2702210554162408
1335,70,3.270238087481543
1336,70,3.270328626704637
1337,70,3.270170236454174
1338,70,3.2701819029736074
1339,70,3.270468026528648
1340,70,3.2702136211111594
1341,70,3.2702685340162825
1342,70,3.270238087481543
1343,70,3.270179003318973
1344,70,3.270397857368814
1345,70,3.2701694752485473
1346,70,3.2694895565517528
1347,70,3.2702088496004458
1348,70,3.2702213033718768
1349,70,3.2702047611681038
1350,70,3.2701298560783227
1351,70,3.270326814976498
1352,70,3.270389756119027
1353,70,3.2701458217225383
1354,70,3.2700759759799682
1355,70,3.2701532458756035
1356,70,3.2702081138516244
1357,70,3.270160486423152
1358,70,3.2702900825165258
1359,70,3.270182432125367
1360,70,3.2702342606594015
1361,70,3.270333556500516
1362,70,3.2701831074016137
1363,70,3.2702251537160514
1364,70,3.2702639553194466
1365,70,3.2701444948632403
1366,70,3.270186047660137
1367,70,3.270299048637237
1368,70,3.2701546964219266
1369,70,3.2702210554162408
1370,70,3.2702110794666823
1371,70,3.2704804686328193
1372,70,3.2702088496004458
1373,70,3.2701565184744004
1374,70,3.2702217208518403
1375,70,3.2701959784503707
1376,70,3.270179003318973
1377,70,3.2701450479747383
1378,70,3.2702250599555933
1379,70,3.270195866349672
1380,70,3.270982890772779
1381,70,3.270251021349341
1382,70,3.2701175257672626
1383,70,3.270068290299598
1384,70,3.2702353342293202
1385,70,3.2702088496004458
1386,70,3.270269056735824
1387,70,3.270311822448645
1388,70,3.270311822448645
1389,70,3.2700486567701503
1390,70,3.27022532384319
1391,70,3.2704838484655334
1392,70,3.2700543475073305
1393,70,3.2700916443792516
1394,70,3.2703030873389993
1395,70,3.270506387418206
1396,70,3.270298950487981
1397,70,3.270127488837986
1398,70,3.2702088496004458
1399,70,3.270164821417421
1400,75,3.2700430123211457
1401,75,3.2701953891048605
1402,75,3.27010520019107
1403,75,3.2702603352139517
1404,75,3.2701730437684944
1405,75,3.270260175542489
1406,75,3.270153701186143
1407,75,3.2701601448067747
1408,75,3.2702047611681038
1409,75,3.2703076195673426
1410,75,3.270184976056486
1411,75,3.270127488837986
1412,75,3.2701573656080494
1413,75,3.270389056340578
1414,75,3.270247218049605
1415,75,3.270207927042533
1416,75,3.270775280526939
1417,75,3.27023718329361
1418,75,3.270184976056486
1419,75,3.2702513961852646
1420,75,3.270018211369459
1421,75,3.2700504602363623
1422,75,3.270324694510638
1423,75,3.2702474636585914
1424,75,3.270324477937232
1425,75,3.2703569364321963
1426,75,3.2700657634009143
1427,75,3.2701285777534665
1428,75,3.270276889391862
1429,75,3.2703681130028692
1430,75,3.2700699565096345
1431,75,3.2703120065408555
1432,75,3.2703079539315065
1433,75,3.2703120065408555
1434,75,3.2702471986338666
1435,75,3.270110685961943
1436,75,3.269808994217668
1437,75,3.270127488837986
1438,75,3.2702342606594015
1439,75,3.270187565129567
1440,75,3.270246321255246
1441,75,3.2704245832824905
1442,75,3.2701475532714754
1443,75,3.270165335404169
1444,75,3.269912308501595
1445,75,3.2700930128971244
1446,75,3.2702251537160514
1447,75,3.270247218049605
1448,75,3.2699302245777253
1449,75,3.271480205487694
1450,75,3.2700660948173685
1451,75,3.270170301028326
1452,75,3.2704220839125617
1453,75,3.2701045850220476
1454,75,3.2701783002108162
1455,75,3.270082019422676
1456,75,3.2702560912095495
1457,75,3.270170236454174
1458,75,3.2702732068706357
1459,75,3.2701992864919838
1460,75,3.2700930128971244
1461,75,3.270328626704637
1462,75,3.2702691575662004
1463,75,3.2701822310296778
1464,75,3.270286078628645
1465,75,3.2704545502582416
1466,75,3.2701674303005537
1467,75,3.2700492014175317
1468,75,3.2703027578436243
1469,75,3.270309515348886
1470,75,3.2702345922045546
1471,75,3.270298950487981
1472,75,3.2702266492576615
1473,75,3.2704156484228757
1474,75,3.270121687275015
1475,75,3.2703455003117297
1476,75,3.270212220052865
1477,75,3.2702345922045546
1478,75,3.27019826958888
1479,75,3.270234260659401
1480,75,3.2701692897723453
1481,75,3.270197413890329
1482,75,3.2701532458756035
1483,75,3.2703508808678348
1484,75,3.2702555057068783
1485,75,3.270437096158316
1486,75,3.2703375666739607
1487,75,3.2701918821928175
1488,75,3.2702213033718768
1489,75,3.2701434075649574
1490,75,3.270170236454174
1491,75,3.2701831074016137
1492,75,3.2703079539315065
1493,75,3.270273716782528
1494,75,3.270217640244833
1495,75,3.2701298560783227
1496,75,3.2702639553194466
1497,75,3.2695796251574247
1498,75,3.2701563486174394
1499,75,3.270312027460351
1500,80,3.270260175542489
1501,80,3.2702763398153936
1502,80,3.270300379684742
1503,80,3.2702213033718768
1504,80,3.2701264416010156
1505,80,3.2702374838180095
1506,80,3.2701953891048605
1507,80,3.270250872651193
1508,80,3.2701573656080494
1509,80,3.270238087481543
1510,80,3.270260175542489
1511,80,3.270234260659401
1512,80,3.270037342401482
1513,80,3.2701210386320336
1514,80,3.2702510686696846
1515,80,3.2701403673060763
1516,80,3.2701134772055567
1517,80,3.2704920405380253
1518,80,3.2701754073508247
1519,80,3.2703770935871574
1520,80,3.270238087481543
1521,80,3.270215544907194
1522,80,3.2700933465639572
1523,80,3.270311822448645
1524,80,3.270263287537279
1525,80,3.2701734196771284
1526,80,3.270251021349341
1527,80,3.270165335404169
1528,80,3.2702164214014933
1529,80,3.270074372163231
1530,80,3.2701990516552
1531,80,3.2701532458756035
1532,80,3.270155879318874
1533,80,3.2702251537160514
1534,80,3.2702474636585914
1535,80,3.270179003318973
1536,80,3.2700828890475404
1537,80,3.2700127566210773
1538,80,3.2701299197986815
1539,80,3.270286078628645
1540,80,3.2699415096742723
1541,80,3.270041532551948
1542,80,3.2701831074016137
1543,80,3.2702474636585914
1544,80,3.270286078628645
1545,80,3.270238087481543
1546,80,3.2703761837719227
1547,80,3.269724200925868
1548,80,3.269377752522426
1549,80,3.2706261480243506
1550,80,3.2700729245419273
1551,80,3.2698367140670355
1552,80,3.2702047611681038
1553,80,3.2702603352139517
1554,80,3.2702639553194466
1555,80,3.270253659574169
1556,80,3.2701038332519436
1557,80,3.270041532551948
1558,80,3.270251021349341
1559,80,3.2701573438006584
1560,80,3.2702728226990265
1561,80,3.2701187536775604
1562,80,3.2702945909465133
1563,80,3.270143561802926
1564,80,3.2702047611681038
1565,80,3.2704321062413957
1566,80,3.2701146104713312
1567,80,3.2696321656924376
1568,80,3.2702250599555933
1569,80,3.270031159509658
1570,80,3.2702334607245143
1571,80,3.2700950225904077
1572,80,3.2703120065408555
1573,80,3.27045797714881
1574,80,3.2701734196771284
1575,80,3.2702438523890756
1576,80,3.27033546568785
1577,80,3.2702917915472804
1578,80,3.270389056340578
1579,80,3.270057291449522
1580,80,3.2701394060992697
1581,80,3.270286078628645
1582,80,3.270050686977541
1583,80,3.270143561802926
1584,80,3.270247218049605
1585,80,3.2702474636585914
1586,80,3.2701661245465683
1587,80,3.2702081138516244
1588,80,3.2701532458756035
1589,80,3.2701959784503707
1590,80,3.2702815624294943
1591,80,3.27040192901057
1592,80,3.2700916443792516
1593,80,3.270160486423152
1594,80,3.2703375666739607
1595,80,3.270230577018032
1596,80,3.2702250599555933
1597,80,3.270315692222974
1598,80,3.2702679769016543
1599,80,3.270165335404169
1600,85,3.270318106809479
1601,85,3.2701434075649574
1602,85,3.2706748695373884
1603,85,3.270311649236684
1604,85,3.270143561802926
1605,85,3.2702217208518403
1606,85,3.270276889391862
1607,85,3.2702731331380552
1608,85,3.2702251537160514
1609,85,3.2702893921976983
1610,85,3.270299048637237
1611,85,3.270400706492797
1612,85,3.270170236454174
1613,85,3.2704245832824905
1614,85,3.270351066825744
1615,85,3.2702005930684614
1616,85,3.2702732068706357
1617,85,3.2703633113046022
1618,85,3.269863446568854
1619,85,3.2700813864959146
1620,85,3.27013403271408
1621,85,3.270251021349341
1622,85,3.2702396775079694
1623,85,3.270279537412088
1624,85,3.270091736143723
1625,85,3.270311822448645
1626,85,3.2702555057068783
1627,85,3.2702262362615557
1628,85,3.2702339036414036
1629,85,3.2702774689430743
1630,85,3.2701831074016137
1631,85,3.27019644970038
1632,85,3.2700875487230205
1633,85,3.270127488837986
1634,85,3.2701394060992697
1635,85,3.270350476696294
1636,85,3.270260175542489
1637,85,3.2703027578436243
1638,85,3.270212220052865
1639,85,3.2701146104713312
1640,85,3.270190365716915
1641,85,3.2701058832366874
1642,85,3.270276889391862
1643,85,3.269303522720991
1644,85,3.269972617672474
1645,85,3.2702983565566286
1646,85,3.270238087481543
1647,85,3.270160486423152
1648,85,3.2703206482919818
1649,85,3.270234260659401
1650,85,3.2700504602363623
1651,85,3.2702732068706357
1652,85,3.2701992864919838
1653,85,3.270130466614899
1654,85,3.2702474636585914
1655,85,3.270170236454174
1656,85,3.2702217208518403
1657,85,3.2701692897723453
1658,85,3.2702603352139517
1659,85,3.2702763398153936
1660,85,3.269983838904443
1661,85,3.2702510686696846
1662,85,3.2701224269920983
1663,85,3.270253659574169
1664,85,3.270393300647708
1665,85,3.2703027578436243
1666,85,3.2703027578436243
1667,85,3.270324694510638
1668,85,3.270420043373548
1669,85,3.270290958082049
1670,85,3.2701661245465683
1671,85,3.270328626704637
1672,85,3.27020834618703
1673,85,3.2702374838180095
1674,85,3.2704534207039226
1675,85,3.2701831074016137
1676,85,3.270333556500516
1677,85,3.2706207799060216
1678,85,3.2699414411540593
1679,85,3.270389056340578
1680,85,3.2703027578436243
1681,85,3.2702930001998842
1682,85,3.270238087481543
1683,85,3.2702945909465133
1684,85,3.270522656208095
1685,85,3.2701058832366874
1686,85,3.2702893921976983
1687,85,3.2702669936695967
1688,85,3.2702305194230057
1689,85,3.2693433853310534
1690,85,3.2703761837719227
1691,85,3.270448143631469
1692,85,3.2700616206516506
1693,85,3.2701252283219384
1694,85,3.2692757632970535
1695,85,3.270081933392583
1696,85,3.2701831074016137
1697,85,3.2699066665026892
1698,85,3.2703811184459526
1699,85,3.2701731804062026
1700,90,3.2701035926712914
1701,90,3.270247218049605
1702,90,3.270286078628645
1703,90,3.270298950487981
1704,90,3.2701734196771284
1705,90,3.270117648767988
1706,90,3.27032459162078
1707,90,3.270260175542489
1708,90,3.270260175542489
1709,90,3.2702474636585914
1710,90,3.270212220052865
1711,90,3.270117648767988
1712,90,3.2703120065408555
1713,90,3.2703062465195076
1714,90,3.270683365718397
1715,90,3.2701884907965733
1716,90,3.2706173932548603
1717,90,3.270217640244833
1718,90,3.270040536949589
1719,90,3.2703421024270156
1720,90,3.2703375666739607
1721,90,3.2700916443792516
1722,90,3.2702305194230057
1723,90,3.270223538694166
1724,90,3.270238064260926
1725,90,3.2702917915472804
1726,90,3.2700916443792516
1727,90,3.270389756119027
1728,90,3.270138255593342
1729,90,3.27009973139489
1730,90,3.2702898235665874
1731,90,3.270165335404169
1732,90,3.270406235743281
1733,90,3.270191265120264
1734,90,3.2702345922045546
1735,90,3.2700657634009143
1736,90,3.270298950487981
1737,90,3.2703508808678348
1738,90,3.2702251537160514
1739,90,3.2700805665828065
1740,90,3.2701884907965733
1741,90,3.2702217208518403
1742,90,3.270138255593342
1743,90,3.2701563486174394
1744,90,3.270194914956296
1745,90,3.270238087481543
1746,90,3.2702860908363043
1747,90,3.270160486423152
1748,90,3.270091736143723
1749,90,3.270298950487981
1750,90,3.270037100282088
1751,90,3.2701475532714754
1752,90,3.269303522720991
1753,90,3.2703030873389993
1754,90,3.270256091209549
1755,90,3.270229449399485
1756,90,3.2701475532714754
1757,90,3.2702107882030145
1758,90,3.2703466280458673
1759,90,3.2702728226990265
1760,90,3.2702510686696846
1761,90,3.2704121719906585
1762,90,3.270276889391862
1763,90,3.2704331412526897
1764,90,3.2700958216877383
1765,90,3.2702345922045546
1766,90,3.269940083437226
1767,90,3.2699227164486113
1768,90,3.2702731331380552
1769,90,3.2702949168355717
1770,90,3.2703508808678348
1771,90,3.2702728226990265
1772,90,3.2705306612842393
1773,90,3.2700787038388746
1774,90,3.2702732068706357
1775,90,3.2701444948632403
1776,90,3.270179003318973
1777,90,3.270174537294475
1778,90,3.27023395152566
1779,90,3.2702527058620836
1780,90,3.270311822448645
1781,90,3.2700921649625823
1782,90,3.2702217208518403
1783,90,3.270099174090509
1784,90,3.270140542642668
1785,90,3.2702339970832885
1786,90,3.270238087481543
1787,90,3.270414801781899
1788,90,3.2702345922045546
1789,90,3.2703249645471604
1790,90,3.2701134772055567
1791,90,3.2705582262214494
1792,90,3.2702510686696846
1793,90,3.2702383599622613
1794,90,3.2702301604654207
1795,90,3.270186047660137
1796,90,3.269997754931051
1797,90,3.2702210554162408
1798,90,3.2703633113046022
1799,90,3.270212220052865
1800,95,3.270212220052865
1801,95,3.2701661245465683
1802,95,3.270435113720102
1803,95,3.2700969088747525
1804,95,3.2701918821928175
1805,95,3.270180724752532
1806,95,3.2702251537160514
1807,95,3.2702210554162408
1808,95,3.270247218049605
1809,95,3.2701615095631826
1810,95,3.2700930128971244
1811,95,3.2701563486174394
1812,95,3.2701959784503707
1813,95,3.270367430763524
1814,95,3.2702345922045546
1815,95,3.2703508808678348
1816,95,3.2699414411540593
1817,95,3.2703206765107478
1818,95,3.270247218049605
1819,95,3.2702217208518403
1820,95,3.2699308632107544
1821,95,3.2701403673060763
1822,95,3.270276889391862
1823,95,3.2701565184744004
1824,95,3.270367430763524
1825,95,3.27044504164394
1826,95,3.2700387779979323
1827,95,3.270287891465595
1828,95,3.2701692897723453
1829,95,3.27022404703924
1830,95,3.2702474636585914
1831,95,3.270311822448645
1832,95,3.270341561288616
1833,95,3.269778052940997
1834,95,3.2702110794666823
1835,95,3.270015792987187
1836,95,3.2702345922045546
1837,95,3.270207927042533
1838,95,3.2702088496004458
1839,95,3.2700227293155115
1840,95,3.2701694752485473
1841,95,3.2701475532714754
1842,95,3.270311822448645
1843,95,3.2701045850220476
1844,95,3.270309515348886
1845,95,3.2701831074016137
1846,95,3.2702474636585914
1847,95,3.2702521718294744
1848,95,3.2702949168355717
1849,95,3.2702510686696846
1850,95,3.2703857510988397
1851,95,3.2701573656080494
1852,95,3.2701187536775604
1853,95,3.2702603352139517
1854,95,3.270346706052698
1855,95,3.270170236454174
1856,95,3.2703375666739607
1857,95,3.2701831074016137
1858,95,3.269978241050708
1859,95,3.2703206765107478
1860,95,3.2701643104475346
1861,95,3.2702251537160514
1862,95,3.270186047660137
1863,95,3.270286078628645
1864,95,3.2700502201595487
1865,95,3.27022532384319
1866,95,3.270165335404169
1867,95,3.2704545502582416
1868,95,3.270101732206111
1869,95,3.2703421024270156
1870,95,3.270160486423152
1871,95,3.2702088496004458
1872,95,3.2701565184744004
1873,95,3.2701532458756035
1874,95,3.2702510686696846
1875,95,3.2701102540449427
1876,95,3.2702917915472804
1877,95,3.2702120557536856
1878,95,3.2701674303005537
1879,95,3.2699987097358414
1880,95,3.2702213033718768
1881,95,3.270170236454174
1882,95,3.2702731331380552
1883,95,3.2701990516552
1884,95,3.2701959784503707
1885,95,3.2701573656080494
1886,95,3.2693291788875993
1887,95,3.2700486567701503
1888,95,3.270238087481543
1889,95,3.270234260659401
1890,95,3.2703761837719227
1891,95,3.2702603352139517
1892,95,3.270290958082049
1893,95,3.2702217208518403
1894,95,3.2702510686696846
1895,95,3.2702047611681038
1896,95,3.2703761837719227
1897,95,3.2702250599555933
1898,95,3.2701346202220964
1899,95,3.2702345922045546
